{
  "train_loss": [
    0.39408658295869825,
    0.07292871959507466,
    0.036073893681168555,
    0.022049164026975633,
    0.015577926579862834
  ],
  "valid_loss": [
    0.09940917417407036,
    0.051313262432813644,
    0.01687650242820382,
    0.01783708017319441,
    0.01143559068441391
  ]
}