{
  "train_loss": [
    0.38778975754976275,
    0.08024368733167649,
    0.038981936126947406,
    0.025042002368718386,
    0.015761475265026092
  ],
  "valid_loss": [
    0.0303841270506382,
    0.008111066417768598,
    0.014712617732584476,
    0.005604498321190476,
    0.0048317816108465195
  ]
}