{
  "train_loss": [
    0.4185871571302414,
    0.06276403442025184,
    0.03027914259582758,
    0.018472079932689667,
    0.011879670526832342
  ],
  "valid_loss": [
    0.03420568909496069,
    0.022020393051207066,
    0.021606837399303913,
    0.012076993007212877,
    0.008739631623029709
  ]
}