{
  "y_true": [
    1.928120166487299,
    1.7008518416457548,
    1.5217814252550295,
    1.5425333237850192,
    1.5820294492285045,
    1.4796080638375775,
    1.4096536549565797,
    1.4608643476520433,
    1.4364301005199362,
    1.5355046855794245,
    1.572323064320982,
    1.452496580731504,
    1.4002812861358511,
    1.4290664247716247,
    1.472244388089266,
    1.3343437526717261,
    1.283132549248301,
    1.2918353537115572,
    1.3092404519101082,
    1.3942567391024845,
    1.3490705934403877,
    1.391244465585801,
    1.4330833001884975,
    1.5194387160958183,
    1.5696453176190541,
    1.5495624727185753,
    1.5967568007251276,
    1.6272155948906013,
    1.5649593885726705,
    1.5606079863410425,
    1.5080581649306342,
    1.464211147983482,
    1.4514924895592762,
    1.3651370736519552,
    1.3691534383408666,
    1.3838807898374894,
    1.3055586140359525,
    1.1646451943737677,
    1.2091617756783921,
    1.2784466202019176,
    1.2945131004134853,
    1.4016204148507958,
    1.5221164627977464,
    1.4913226310895555,
    1.5776780469968765,
    1.6643685004469142,
    1.7001822772882824,
    1.6841163078046761,
    1.817665540990588,
    1.7641121391359134,
    1.85247573738769,
    1.8715539803879795,
    1.9284552040300158,
    1.9277856396725435,
    1.986694534931074,
    1.9595830518250006,
    1.9820086058846904,
    1.9371574977653105,
    1.9311324400039824,
    1.9515498117192167,
    1.9170746528648317,
    1.9364879334078382,
    1.9796658967254794,
    1.9190828352092872,
    2.0526325791231605,
    2.0158147111095643,
    2.0810831909441787,
    2.129281610122959,
    2.0445993390173767,
    2.095810542440802,
    2.2045915124078124,
    2.2096119682689515,
    2.19153781644089,
    2.1353061571563257,
    2.170450880368183,
    2.099826907129713,
    2.0948059405406125,
    2.058657636884489,
    2.04024844751371,
    2.0435952478451487,
    2.0579880725270163,
    2.022843349315159
  ],
  "y_pred": [
    1.5506097078323364,
    1.5734089612960815,
    1.5096588134765625,
    1.4241969585418701,
    1.3978283405303955,
    1.3909938335418701,
    1.335038423538208,
    1.2760616540908813,
    1.2677364349365234,
    1.2426695823669434,
    1.2731575965881348,
    1.2924189567565918,
    1.2439523935317993,
    1.2016048431396484,
    1.19219970703125,
    1.2018922567367554,
    1.1458736658096313,
    1.1153860092163086,
    1.1129556894302368,
    1.1228692531585693,
    1.1729193925857544,
    1.1737072467803955,
    1.199092149734497,
    1.230912208557129,
    1.286067008972168,
    1.3346971273422241,
    1.3583168983459473,
    1.3990750312805176,
    1.4299137592315674,
    1.4204729795455933,
    1.4224799871444702,
    1.4021830558776855,
    1.3716773986816406,
    1.3482966423034668,
    1.2851239442825317,
    1.2560715675354004,
    1.240917444229126,
    1.1869393587112427,
    1.0948774814605713,
    1.0767697095870972,
    1.0991826057434082,
    1.1115267276763916,
    1.1705683469772339,
    1.2607113122940063,
    1.2979655265808105,
    1.3646001815795898,
    1.4280803203582764,
    1.4697730541229248,
    1.487368106842041,
    1.5432138442993164,
    1.5441944599151611,
    1.5820672512054443,
    1.6032896041870117,
    1.6300632953643799,
    1.6395456790924072,
    1.6616824865341187,
    1.6599817276000977,
    1.6680164337158203,
    1.6549406051635742,
    1.6485939025878906,
    1.6493316888809204,
    1.6344542503356934,
    1.6340842247009277,
    1.6433379650115967,
    1.6179425716400146,
    1.6530067920684814,
    1.6449459791183472,
    1.6670860052108765,
    1.688593864440918,
    1.6673109531402588,
    1.6805789470672607,
    1.7134184837341309,
    1.7245116233825684,
    1.7281341552734375,
    1.7119187116622925,
    1.7164759635925293,
    1.691545009613037,
    1.6797680854797363,
    1.6542826890945435,
    1.6235569715499878,
    1.6040189266204834,
    1.5926326513290405
  ],
  "timestamps": null
}