{
  "train_loss": [
    0.42164875864982604,
    0.06022782251238823,
    0.03717888239771128,
    0.02312657730653882,
    0.016079656034708022
  ],
  "valid_loss": [
    0.03408256359398365,
    0.022381095215678215,
    0.024346841499209404,
    0.012892605736851692,
    0.00898996856994927
  ]
}