{
  "train_loss": [
    0.33028417378664016,
    0.06047252044081688,
    0.028503629472106697,
    0.017164269089698793,
    0.012671033944934606
  ],
  "valid_loss": [
    0.04994148202240467,
    0.0378938028588891,
    0.019414168316870928,
    0.009790321346372366,
    0.008723702747374773
  ]
}