{
  "RMSE": 0.2870564187296243,
  "MAE": 0.2595399953334884,
  "MAPE": 14.725939351067648,
  "R2": 0.06531544079152074
}