{
  "train_loss": [
    0.3893182396888733,
    0.07140429839491844,
    0.04356406051665544,
    0.025507758557796478,
    0.018179400078952312
  ],
  "valid_loss": [
    0.030371843837201595,
    0.007547125453129411,
    0.01322474516928196,
    0.005145988892763853,
    0.006049990188330412
  ]
}