{
  "train_loss": [
    0.39763314425945284,
    0.06763258092105388,
    0.04247605763375759,
    0.02708620149642229,
    0.018429290875792502
  ],
  "valid_loss": [
    0.10258687660098076,
    0.07721742242574692,
    0.018653396051377058,
    0.015234690625220537,
    0.011797011829912663
  ]
}