{
  "train_loss": [
    0.3336589880287647,
    0.058011915534734726,
    0.03387514632195234,
    0.01936691952869296,
    0.015311434864997864
  ],
  "valid_loss": [
    0.052981545217335224,
    0.046082924120128155,
    0.016409788746386766,
    0.010004640556871891,
    0.009843091014772654
  ]
}