{
  "daily_returns": "[ 0.11787042  0.10528278  0.         -0.02560471  0.0647405  -0.\n  0.          0.01672588 -0.06897279 -0.02397803  0.07620984  0.03594865\n -0.02055668 -0.03021411  0.09366695  0.03837932 -0.00678247 -0.01347316\n -0.06493558  0.03240877 -0.03126143 -0.03007296 -0.06025848 -0.03304286\n  0.01279451 -0.03045655 -0.01907541  0.03825935  0.00278052  0.03367266\n -0.         -0.         -0.          0.          0.          0.05659604\n -0.          0.         -0.0572999  -0.01256719 -0.08273946 -0.0859691\n  0.02023093 -0.05790525 -0.05494813 -0.02151794  0.00944956 -0.07929929\n  0.02946274 -0.05008956 -0.01029878 -0.0304032   0.0003472  -0.0305578\n  0.01364653 -0.01144404  0.02262912  0.00311026 -0.01057275  0.01766553\n -0.01012651 -0.02229705  0.03060267 -0.0695904   0.0179369  -0.03237821\n -0.02316026  0.03977035 -0.02504706 -0.05190401 -0.00227727  0.00817979\n  0.02565854 -0.01645887  0.03253885  0.00239113  0.01725616  0.00894233\n -0.00164039 -0.00704289  0.01707722]",
  "sharpe": -0.08508607250489086,
  "var95": 0.06897278539598051
}